moon_phase,avg_temp,avg_humidity
First Quarter,19.224780058651028,70.16129032258064
Full Moon,19.39866666666666,71.38307692307693
Last Quarter,19.598889614630973,68.96799477465709
New Moon,19.676923076923085,69.35128205128206
Waning Crescent,19.35822409666019,69.65735780234812
Waning Gibbous,19.462434607645893,69.90060362173038
Waxing Crescent,19.190140845070427,70.68166626879923
Waxing Gibbous,19.143801749271123,69.18099125364431
